"expression","min","median","mem_alloc","total_time"
readr::read_csv,10.0499570640386,10.2253361630137,  1.43GB,51.0976535941008
data.table::fread,1.5471969100181,1.73646225803532,  1.12GB,8.59719783219043
arrow::read_csv_arrow,1.24062781501561,2.50034367199987,586.23MB,11.9468241551076
