"expression","min","median","mem_alloc","total_time"
dplyr,4.95798941099929,4.95798941099929,  5.4GB,4.95798941099929
data.table,2.30441201100075,2.30441201100075,  5.95GB,2.30441201100075
dtplyr,4.90362119700148,4.90362119700148,  5.95GB,4.90362119700148
arrow,1.06030218900014,1.06030218900014,114.96KB,1.06030218900014
duckdb,1.41272941500029,1.41272941500029,329.88KB,1.41272941500029
