"expression","min","median","mem_alloc","total_time"
dplyr,15.2816366859988,15.415448058,17GB,53.1222235079986
data.table,19.7017529190052,22.4785897260008,23.8GB,68.2386324080107
dtplyr,21.0928476180015,21.5337351730013,24.6GB,64.9351641310059
arrow,5.65725974499946,6.70652210999833, 1.7GB,20.4064800659944
duckdb,123.756049266001,131.078867017,10.2GB,412.292349073003
