"expression","min","median","mem_alloc","total_time"
readr::read_csv,246.885046499985,275.81730059399,18.69GB,823.932764730969
data.table::fread,19.0643221060018,20.7896526590048,14.3GB,69.3233996660128
arrow::read_csv_arrow,42.4204046559898,90.6674692079832, 7.65GB,244.682713172966
