"expression","min","median","mem_alloc","total_time"
dplyr,0.342802557999676,0.353685392999978,423.54MB,1.75696832600079
data.table,0.181142592000469,0.188029402999746,513.3MB,0.933549540999593
dtplyr,0.182196866000595,0.190237908999734,514.72MB,0.76207011599945
arrow,0.102008040999863,0.104594115999134,  4.37MB,0.416764835998038
duckdb,0.140717493999546,0.143253610500324,  8.49MB,0.57236045100035
