"expression","min","median","mem_alloc","total_time"
small,0.107002579003165,0.112520707501972,  5.4MB,0.225041415003943
medium,1.0660699870059,1.06875028000286,224.7KB,2.13750056000572
large,18.2482915619985,18.2883897669963,259KB,55.0835911019967
huge,75.9920310110028,77.040001178997,269.8KB,230.102960611999
