"expression","min","median","mem_alloc","total_time"
dplyr,0.00299652600006084,0.00311198199960927,189.12KB,0.0166211130017473
data.table,1.28522765600064,1.30842082300114,  1.79GB,7.08349923400237
dtplyr,1.30087916000048,1.34585288000017,  1.86GB,5.38343706299929
arrow,0.387688660999629,0.399215606001235,146.62MB,1.9854487800003
duckdb,14.4837445419998,14.7922889349993,  1.65GB,73.6282692450004
